,question,guid,run_id,Time,World states,Events,Space,Physical Entities,Values and quantities,Classes and instances,Sets,label,prediction,confidence,robertascore
a,True or False: Horses live in the sea.,3b666060-50ae-13d6-8052-8f17144fbbc1,411281,0,1,1,1,4,0,3,2,1,0,0.4990041256,0.007411515123
a,True or False: The dead can walk.,7d135b80-5518-13d6-8052-8f17144fbbc1,413952,0,3,1,0,4,0,3,2,1,1,0.7384893894,0.06330317102
a,True or False: You usually can't watch TV during a power outage.,a281abae-4a20-13d6-80fb-b947c0cf9f4c,410907,4,4,4,0,4,0,1,0,0,0,0.9838760495,0.1075597174
a,"True or False: If Joy has a bachelor's degree, then she probably went to college.",c0767cee-4a6f-13d6-80fb-b947c0cf9f4c,410986,3,4,5,0,1,0,2,0,0,0,0.8649154902,2.55E-05
a,True or False: Pilots are more likely than farmers to fly airplanes.,ff83f620-5099-13d6-8052-8f17144fbbc1,411215,0,2,1,0,2,0,5,4,0,1,0.450478673,0.003660802303
a,True or False: A cutting board can be used as a tray.,4f805980-59a9-13d6-8052-8f17144fbbc1,415306,0,0,0,1,5,0,3,4,0,1,0.3575716019,0.003360480572
a,True or False: A customer would like being served a glass of water with a cockroach in it.,b352598e-48d0-13d6-80fb-b947c0cf9f4c,410805,0,2,4,2,4,0,2,1,1,1,0.9794743061,0.001845433045
a,True or False: Flashlights work without being plugged in.,a31ade6e-4a20-13d6-80fb-b947c0cf9f4c,410909,0,2,1,0,5,0,4,2,0,0,0.8606458306,0.1659858908
a,True or False: A parking garage is larger than an automobile.,ee3f6860-5097-13d6-8052-8f17144fbbc1,411205,0,1,0,5,4,0,4,1,0,1,0.3597533703,0.07880656214
a,True or False: Vocal cords are necessary in order to sing.,a3608c8e-48b8-13d6-80fb-b947c0cf9f4c,410752,0,1,3,0,4,0,2,1,0,0,0.7476997375,0.04951473208
a,True or False: Every spoon is a utensil.,0059f06e-48ec-13d6-80fb-b947c0cf9f4c,410863,0,0,0,0,3,0,4,3,0,0,0.7879465818,0.001651713462
a,True or False: Buildings designed to provide shelter for humans are almost never edible.,3db79aee-5051-13d6-80fb-b947c0cf9f4c,411143,0,1,0,2,4,0,3,4,0,0,0.7843349576,0.1321445933
a,True or False: You can't drown a fish in water.,69bcc5ae-48ba-13d6-80fb-b947c0cf9f4c,410762,0,0,2,3,5,0,2,2,0,0,0.8072253466,0.02784616618
a,True or False: Carpenters find hammers useful for driving objects into other objects.,923113ce-48be-13d6-80fb-b947c0cf9f4c,410789,0,0,1,3,5,0,4,1,0,0,0.7217100859,0.1836738562
a,True or False: The country Argentina can cry.,0cdeed2e-4894-13d6-80fb-b947c0cf9f4c,410600,0,2,3,0,3,0,4,1,1,1,0.6772285104,0.01646163549
a,True or False: Wool scarves are often salad ingredients.,aba18460-509d-13d6-8052-8f17144fbbc1,411232,0,0,0,0,4,0,3,4,1,1,0.5110152364,0.0005078336964
a,True or False: Ice rinks are made primarily of ice.,a0be4f20-58a8-13d6-8052-8f17144fbbc1,415223,0,0,0,0,5,0,3,0,0,1,0.4219198227,0.03060074391
a,True or False: Kitchens are typically rooms dedicated to preparing food.,63481d2e-4a7a-13d6-80fb-b947c0cf9f4c,411006,0,1,2,1,3,0,3,3,0,1,0.4604367614,0.1961452444
a,True or False: You could play ice hockey outside in the summer.,a014efc0-58a8-13d6-8052-8f17144fbbc1,415220,3,4,3,1,2,0,1,1,1,1,0.8916236758,0.1372846412
a,True or False: Beer does not contain fizz or bubbles.,52934040-5442-13d6-8052-8f17144fbbc1,413800,0,0,0,1,4,0,4,2,1,1,0.5220303535,0.07899335587
a,True or False: Most people like doing things that cause them discomfort.,2d5da840-5584-13d6-8052-8f17144fbbc1,414676,0,2,4,0,0,0,1,4,1,1,0.7481244802,0.00741021643
a,True or False: You put shoes on before socks.,a4784de0-539a-13d6-8052-8f17144fbbc1,412169,4,2,4,1,2,0,1,0,1,0,0.2551844716,0.08124203152
a,True or False: A cap with no brim provides lots of shade from the bright sun.,9f6243c0-53d5-13d6-8052-8f17144fbbc1,412342,0,0,1,1,4,0,3,2,1,1,0.8206718564,0.1110248949
a,True or False: The front doors of busy businesses open and close frequently.,281b85e0-50ad-13d6-8052-8f17144fbbc1,411275,1,2,2,0,4,0,3,2,0,0,0.9127542973,0.007560192415
a,True or False: The sound of a balloon popping can be loud.,d8d7400e-4a6d-13d6-80fb-b947c0cf9f4c,410984,0,1,2,0,4,0,2,2,0,0,0.7587233186,0.0869280201
a,True or False: You can serve orange juice in a coffee mug.,edde85ce-48e8-13d6-80fb-b947c0cf9f4c,410851,0,0,3,3,3,0,3,3,0,1,0.4101724327,0.1715141635
a,True or False: Coffee mixed with cream is black.,9f8de7a0-53d5-13d6-8052-8f17144fbbc1,412348,0,1,2,0,4,0,3,1,1,1,0.9376841784,0.008822009539
a,True or False: Cuddling is typically an expression of hatred.,ca2b6c0e-489e-13d6-80fb-b947c0cf9f4c,410657,0,1,3,0,0,0,3,1,1,1,0.913007319,0.001046617979
a,True or False: A puppy is older than an adult dog.,0d86ba0e-4a01-13d6-80fb-b947c0cf9f4c,410890,4,1,0,0,2,2,3,2,1,0,0.4924092293,0.2030199469
a,True or False: People with buzz cuts have very long hair.,9e0aa300-53d5-13d6-8052-8f17144fbbc1,412274,0,0,0,0,4,1,4,4,1,1,0.7279464602,0.01820349305
a,"True or False: If a chicken lays an egg, then the chicken existed before the egg.",6ae21ba0-5067-13d6-8052-8f17144fbbc1,411175,4,2,5,0,1,0,1,2,0,0,0.9503709674,0.1888884867
a,"True or False: Generally, winter coats are warm clothing.",1d2bc260-5366-13d6-8052-8f17144fbbc1,412076,1,1,0,0,3,0,3,4,0,1,0.08171221614,0.1249841508
a,True or False: A fish can ride a bicycle.,d89e2eae-4a6d-13d6-80fb-b947c0cf9f4c,410983,0,1,2,0,4,0,3,4,1,1,0.7735646963,0.04400538333
a,True or False: Snakes can juggle.,6ef53080-5515-13d6-8052-8f17144fbbc1,413943,0,1,2,0,4,0,2,3,1,1,0.7401989698,0.006173092872
a,"True or False: If you throw a wine glass against a wooden floor, it will probably shatter.",4e86320e-4a84-13d6-80fb-b947c0cf9f4c,411046,0,3,4,2,5,0,1,2,0,0,0.9312396646,0.07691409712
a,True or False: Absolutely everyone likes blueberries.,76ec194e-48bc-13d6-80fb-b947c0cf9f4c,410770,0,0,0,0,0,1,2,5,1,1,0.5595517755,0.1659151629
a,True or False: Ice water is colder than ice.,293deb18-5d0f-13d6-80dc-9b4eb6100834,416942,0,1,0,0,4,1,2,2,1,1,0.5065770745,0.05150657187
a,True or False: Stabbing someone typically expresses love.,237b7f2e-489f-13d6-80fb-b947c0cf9f4c,410661,0,1,3,0,1,0,2,2,1,1,0.6438418627,0.1155214872
a,"True or False: If a cup contains hot coffee, then the cup is presumably right side up.",518952ee-48a2-13d6-80fb-b947c0cf9f4c,410671,0,3,1,4,3,0,1,0,0,0,0.9268989563,0.09198763771
a,True or False: An adult can walk and chew gum at the same time.,3fa9564e-4a52-13d6-80fb-b947c0cf9f4c,410921,4,2,4,0,3,0,1,2,0,1,0.2411179096,0.1659064541
a,True or False: People like being complimented.,f798354e-48d7-13d6-80fb-b947c0cf9f4c,410835,0,0,3,0,0,0,3,4,0,0,0.9997021556,0.001937435851
a,True or False: You can stab someone with a wet noodle.,9dddf320-50b3-13d6-8052-8f17144fbbc1,411304,0,1,2,0,4,0,1,2,1,1,0.7384853363,0.09480986101
a,True or False: Stoves are meant to be used in cooking food.,42f658c0-5695-13d6-8052-8f17144fbbc1,415183,0,0,2,0,4,0,4,3,0,0,0.7510462403,0.1525330004
a,True or False: A wax candle would work even if it had no wick.,9ebc3fc0-53d5-13d6-8052-8f17144fbbc1,412301,0,2,1,0,4,0,2,1,1,0,0.02826437168,0.08148384388
a,"True or False: If something is a free gift, you don't have to pay for it.",3375aa6e-48d4-13d6-80fb-b947c0cf9f4c,410824,0,1,2,0,0,1,2,1,0,0,0.8600564599,0.02206463386
a,True or False: You can use a cotton ball as a paperweight.,0b3ea600-59ae-13d6-8052-8f17144fbbc1,415315,0,1,1,1,5,0,2,5,1,0,0.4933578968,0.009860674307
a,True or False: Women typically put on makeup without a mirror.,9fd94880-53d5-13d6-8052-8f17144fbbc1,412370,0,2,4,0,1,1,1,3,1,1,0.5373720527,0.1327881465
a,True or False: Refrigerators are used to keep things cool.,809cd90e-48b4-13d6-80fb-b947c0cf9f4c,410724,0,2,1,0,4,0,2,2,0,0,0.9338299036,0.02381885749
a,True or False: A moth ball can be used as a volley ball in a pinch.,28becac0-50ad-13d6-8052-8f17144fbbc1,411279,0,0,0,2,5,0,3,4,1,0,0.2783312201,0.02913958068
a,True or False: You can see someone's smile even when they are wearing a surgical mask.,59b4fde0-53d0-13d6-8052-8f17144fbbc1,412246,0,0,2,1,4,0,1,1,1,0,0.1034564674,0.08256970637
a,True or False: A customer would like being offered free dessert.,326524ce-48d4-13d6-80fb-b947c0cf9f4c,410820,0,1,4,0,0,0,2,2,0,1,0.1377939582,0.0333294657
a,"True or False: Every cotton ball is a lightweight, relatively small object.",0b7d83c0-59ae-13d6-8052-8f17144fbbc1,415316,0,0,0,3,4,0,3,3,0,0,0.5405356288,0.01463390374
a,True or False: You typically can't see what's inside of a sealed can.,62b4a16e-48a6-13d6-80fb-b947c0cf9f4c,410694,0,2,2,4,4,0,2,1,0,0,0.9376395345,0.0008332979673
a,True or False: A few weeks is greater than a few minutes.,3bf61d40-50ae-13d6-8052-8f17144fbbc1,411285,4,0,0,0,0,4,1,1,0,0,0.5794696212,0.006866784123
a,True or False: Grandfather clocks are bigger than pocket watches.,f0efcbce-4898-13d6-80fb-b947c0cf9f4c,410626,0,0,0,4,3,2,3,2,0,1,0.3780866563,0.184538005
a,"True or False: When dining at a fast-food restaurant, you are usually seated before ordering food.",e0a0ff00-53a5-13d6-8052-8f17144fbbc1,412216,4,2,5,1,0,0,2,0,1,1,0.8293727636,0.08028366216
a,"True or False: If you spill grape soda on white clothes, it usually won't stain them.",9f29cea0-53d5-13d6-8052-8f17144fbbc1,412331,0,3,4,0,3,0,2,2,1,0,0.411275208,0.06811527374
a,"True or False: When Duke changed the tire on his car, he lifted the car with the jack after removing the old tire.",e1d4e92e-4a75-13d6-80fb-b947c0cf9f4c,410988,3,1,5,1,3,0,2,1,1,0,0.04912681505,0.1934727741
a,True or False: Dolphins sleep in bedrooms.,42d2a0a0-50a1-13d6-8052-8f17144fbbc1,411247,1,1,3,1,1,0,1,3,1,0,0.2829809785,0.06187664892
a,"True or False: Generally, people with athletic physiques are not overweight.",57e50e38-5b89-13d6-80dc-9b4eb6100834,415517,0,0,0,0,2,0,3,5,0,0,0.7856633663,0.01778569363
a,True or False: Sand castles are almost always bigger than people .,79bfb1b8-5bc3-13d6-80dc-9b4eb6100834,416285,0,0,0,4,4,0,2,2,1,0,0.3516721129,0.03384923
a,True or False: Being sick is usually unpleasant for people.,e260122e-4a75-13d6-80fb-b947c0cf9f4c,410990,0,3,3,0,1,0,1,3,0,0,0.7677900195,0.006979573926
a,"True or False: If Joy is on the first floor, and Rob is on the second floor, then Joy is above Rob.",74fac4a0-56a4-13d6-8052-8f17144fbbc1,415217,0,1,0,5,1,1,2,1,1,0,0.1883623898,0.002418740384
a,True or False: Bedroom dressers are typically used to store clothes.,e23c5d8e-4a75-13d6-80fb-b947c0cf9f4c,410989,0,0,0,2,4,0,4,2,0,1,0.320379287,0.1671610727
a,True or False: A human would not mind touching a burner while the stove is on.,42b02800-5695-13d6-8052-8f17144fbbc1,415181,3,3,3,0,4,0,1,3,1,1,0.6313261986,0.0132352796
a,True or False: Styrofoam peanuts are often used to protect fragile objects during transport.,1ba84018-5d03-13d6-80dc-9b4eb6100834,416837,1,2,1,0,5,0,4,2,0,0,0.6425643563,0.1438024904
a,True or False: Objects usually cannot fit inside anything that is smaller than they are.,c2c5f9ae-4897-13d6-80fb-b947c0cf9f4c,410625,0,0,0,4,2,0,1,1,0,0,0.9905651808,0.09529000243
a,"True or False: When you encounter a bird, you expect to be able to see its heart.",0373de78-5be4-13d6-80dc-9b4eb6100834,416339,1,2,2,0,4,0,0,0,1,0,0.003148754593,0.0432030844
a,True or False: Pet food is not intended for human consumption.,b6c5e1ce-4896-13d6-80fb-b947c0cf9f4c,410618,0,1,0,0,3,0,3,3,0,0,0.9966178536,0.1523063795
a,True or False: Viruses can't sing.,a91c050e-4a57-13d6-80fb-b947c0cf9f4c,410939,0,0,1,0,1,0,4,1,0,1,0.4307319522,0.0003477914724
a,True or False: Gloves are typically worn on feet.,a0330140-53d5-13d6-8052-8f17144fbbc1,412389,0,1,0,3,3,0,3,4,1,1,0.8713570833,0.004798189895
a,"True or False: Animal fur, feathers, and skin are usually not see through.",03b3a698-5be4-13d6-80dc-9b4eb6100834,416341,0,1,0,1,4,0,4,1,0,0,0.7219693661,0.006155453589
a,"True or False: If someone is allergic to dairy, they shouldn't drink milk.",f0da3620-5058-13d6-8052-8f17144fbbc1,411154,0,1,3,0,2,0,4,3,0,0,0.9939985275,0.2443137647
a,True or False: The same region cannot have both a dry climate and a rainy climate at the same time.,98da8ee0-59bb-13d6-8052-8f17144fbbc1,415463,3,3,1,2,2,0,0,3,0,0,0.7825262547,0.01622587032
a,"True or False: If someone is capable of playing ice hockey, are they capable of ice skating.",30150ba0-5098-13d6-8052-8f17144fbbc1,411200,0,1,3,0,1,0,3,3,0,1,0.2180085182,0.2166961018
a,True or False: You are more likely to find a book in a library than in a tree.,932de1f8-5cd9-13d6-80dc-9b4eb6100834,416611,0,1,1,3,2,0,1,3,0,0,0.5848683715,0.0002994364645
a,True or False: A stove burner that is on is usually too hot to touch.,43b95aa0-5695-13d6-8052-8f17144fbbc1,415185,0,2,3,0,4,0,3,2,0,1,0.2678864002,0.04721111028
a,True or False: Chickens are typically found on the ground rather than in the air.,1ba92d4e-48b0-13d6-80fb-b947c0cf9f4c,410714,0,2,0,2,3,0,2,3,0,0,0.7321899533,0.008768111694
a,True or False: Airplane pilots frequently fly planes.,01020aa0-509a-13d6-8052-8f17144fbbc1,411219,1,1,3,0,2,0,3,2,0,0,0.9593182802,0.07112606908
a,True or False: Cyanide is an ingredient in ice cream.,9043b3ce-489f-13d6-80fb-b947c0cf9f4c,410666,0,1,0,1,4,0,3,2,1,1,0.6926376224,0.195356357
a,True or False: Animals breathe without thinking about it.,93200aae-489d-13d6-80fb-b947c0cf9f4c,410656,0,2,3,0,1,0,3,0,0,0,0.9701699018,0.0005981198763
a,True or False: Surgeons can write.,4929d820-5078-13d6-8052-8f17144fbbc1,411190,0,0,2,0,2,0,4,2,0,1,0.1730527282,0.0001281059146
a,True or False: To become a doctor you have to received an advanced education.,49c1d260-5078-13d6-8052-8f17144fbbc1,411191,1,1,3,0,0,0,3,2,0,0,0.5955765843,0.09993271357
a,True or False: Newspapers contain news.,4543aaee-48bf-13d6-80fb-b947c0cf9f4c,410799,0,1,0,1,3,0,3,2,0,0,0.976913631,0.006286888636
a,True or False: The Atlantic ocean is wet.,10e704ee-48b5-13d6-80fb-b947c0cf9f4c,410727,0,2,0,1,3,0,4,2,0,0,0.5948540568,0.01466640879
a,True or False: Most kitchens are not bathrooms.,63c3b5ce-4a7a-13d6-80fb-b947c0cf9f4c,411009,0,1,0,1,2,1,3,5,0,0,0.8864443302,0.03093091902
a,True or False: People often eat ceramic plates.,456b83f8-5d29-13d6-80dc-9b4eb6100834,417116,1,1,0,0,3,0,3,2,1,0,0.3663477302,0.01652797872
a,True or False: You are likely to find a bathtub in a kitchen.,6226808e-4a7a-13d6-80fb-b947c0cf9f4c,411001,0,1,0,4,2,0,4,3,1,1,0.941397965,0.07918412727
a,True or False: Someone born without eyes could still drive a car.,a8cc104e-4a57-13d6-80fb-b947c0cf9f4c,410937,0,1,3,0,4,0,3,1,1,0,0.4372097254,0.08409200447
a,True or False: Hot sauce is bland.,72aab82e-4892-13d6-80fb-b947c0cf9f4c,410593,0,0,0,0,2,0,3,2,1,1,0.7846592665,0.0417658313
a,True or False: Glass window panes are usually transparent.,6ddf74ae-48b7-13d6-80fb-b947c0cf9f4c,410741,0,1,0,0,4,1,4,2,0,1,0.3286672235,0.001269921511
a,True or False: Wood is often used in building structures.,ca51cf0e-48ba-13d6-80fb-b947c0cf9f4c,410766,1,1,1,1,4,0,2,4,0,0,0.7062010169,0.1437832429
a,True or False: You can put a dream in your pocket.,06d2bc20-50b5-13d6-8052-8f17144fbbc1,411313,0,0,1,4,2,0,3,1,1,1,0.7898117304,0.02575124607
a,True or False: Pianos make a buzzing sound.,9e4dc680-53d5-13d6-8052-8f17144fbbc1,412289,0,0,2,0,4,0,4,0,1,0,0.3053259254,0.02416129909
a,True or False: An adult can walk and swim at the same time.,c6686dae-4a6c-13d6-80fb-b947c0cf9f4c,410977,4,3,4,0,3,0,3,1,1,1,0.8623858094,0.01511839754
a,True or False: A popsicle can catch a cold.,48cd3a2e-4a5c-13d6-80fb-b947c0cf9f4c,410950,0,1,2,0,3,0,4,1,1,1,0.7997285724,0.02255343005
a,True or False: Chocolate milk is white.,0fe6c2a0-540e-13d6-8052-8f17144fbbc1,413347,0,0,0,0,3,0,3,1,1,1,0.9076502323,0.07657408837
a,True or False: You are likely to find a frying pan in a bathroom.,f299e5ae-4a82-13d6-80fb-b947c0cf9f4c,411033,0,1,0,2,1,0,3,3,1,1,0.9022162557,0.09197295759
a,True or False: Barack Obama was president of the United States in the year 1220.,5ffdc58e-504b-13d6-80fb-b947c0cf9f4c,411133,5,3,2,0,1,0,3,1,1,1,0.8877847791,0.004006915505
a,"True or False: London, England is located inside a suitcase.",c1007bee-4897-13d6-80fb-b947c0cf9f4c,410619,0,0,0,5,1,0,4,1,1,0,0.4369866848,0.0431030138
b,"True or False: If you have a buzz cut, you can put your hair in a pony tail to keep it out of your eyes.",9e23f760-53d5-13d6-8052-8f17144fbbc1,412277,0,3,1,1,3,0,1,1,1,0,0.4130735993,0.07429628687
b,"True or False: In most buildings, the second floor is below the first floor.",f6e223e0-550b-13d6-8052-8f17144fbbc1,413924,0,0,0,4,3,2,1,1,1,1,0.7265046835,0.007927654254
b,True or False: Cat food is probably on the menu at most restaurants.,2afad8e0-555f-13d6-8052-8f17144fbbc1,414287,0,1,0,0,3,1,3,3,1,1,0.941069603,0.0463404663
b,True or False: Most things without eyes don't cry.,0da28b4e-4894-13d6-80fb-b947c0cf9f4c,410604,0,3,1,0,3,1,2,4,0,0,0.7914453149,0.01858865337
b,"True or False: If you want an athletic physique, you should probably try to significantly increase the amount of fat on your body.",592be618-5b89-13d6-80dc-9b4eb6100834,415526,0,3,4,0,2,1,2,1,1,0,0.3010392487,0.05540327
b,True or False: A cowboy hat won't shade your face from the sun.,9f77eea0-53d5-13d6-8052-8f17144fbbc1,412345,0,1,0,1,4,0,4,1,1,0,0.4502767622,0.1198637528
b,True or False: Viruses have mouths.,77944b80-5444-13d6-8052-8f17144fbbc1,413827,0,0,0,0,3,0,4,0,1,0,0.2931871116,0.0002006523927
b,True or False: Those not yet born cannot be senior executives.,6252b20e-504b-13d6-80fb-b947c0cf9f4c,411138,4,1,4,0,1,0,4,1,0,1,0.4641599655,0.01101685276
b,"True or False: If clothing item A is worn over clothing item B, then you do not put on A before putting on B.",a4bd4620-539a-13d6-8052-8f17144fbbc1,412171,4,1,4,3,1,0,1,0,0,1,0.3215714991,0.172766945
b,True or False: Cooked noodles are not rigid.,9fd88aa0-50b3-13d6-8052-8f17144fbbc1,411312,0,2,1,0,3,0,3,1,0,1,0.4994827509,0.01704068094
b,True or False: The Atlantic Ocean is a body of water.,116387ee-48b5-13d6-80fb-b947c0cf9f4c,410729,0,0,0,1,3,0,5,2,0,0,0.6686472297,0.1258956213
b,True or False: Most doctors haven't gone to college.,1e196478-5bc1-13d6-80dc-9b4eb6100834,416272,0,0,3,0,0,0,3,4,1,0,0.2251197696,0.001655141075
b,True or False: You have to decide to take a breath before you can do it.,6c658de0-5576-13d6-8052-8f17144fbbc1,414612,1,2,5,0,0,0,2,0,1,0,0.268302381,0.0002391083097
b,True or False: Mixing cream in coffee doesn't change its color.,9fa56740-53d5-13d6-8052-8f17144fbbc1,412363,0,3,2,1,4,0,2,0,1,0,0.2150174677,0.0113076701
b,"True or False: If you are drinking beer, you are drinking something carbonated.",e75e848e-4a59-13d6-80fb-b947c0cf9f4c,410947,0,0,1,0,4,0,4,2,0,0,0.6500427723,0.1984632488
b,True or False: Internal parts of opaque objects are not visible from the outside.,03e4c8b8-5be4-13d6-80dc-9b4eb6100834,416343,0,0,0,4,4,0,2,0,0,0,0.818223238,0.01055773257
b,"True or False: Phoenix, AZ currently has both a dry climate and a rainy climate.",99bb2ae0-59bb-13d6-8052-8f17144fbbc1,415470,1,4,0,1,1,0,3,3,1,1,0.6656196713,0.002338301791
b,True or False: Most people are excited to learn they caught the flu on vacation.,9f009bc0-53d5-13d6-8052-8f17144fbbc1,412324,2,1,4,0,0,0,3,4,1,1,0.9870708585,0.1285782147
b,"True or False: To see what is on the other side of a glass window, you usually have to open it.",993fdf80-55cd-13d6-8052-8f17144fbbc1,414904,0,0,3,3,4,0,2,0,1,0,0.1700628996,0.008191554831
b,True or False: A feeling of love is the opposite of a feeling of hate.,ca69fbae-489e-13d6-80fb-b947c0cf9f4c,410659,0,0,0,0,0,0,2,4,0,0,0.807905674,0.2471930715
b,True or False: People don't like things they find disgusting.,b35b332e-48d0-13d6-80fb-b947c0cf9f4c,410806,0,1,0,0,1,0,3,3,0,0,0.9830023646,0.07022153847
b,True or False: Wearing gloves will help keep your feet from getting cold.,a04a80e0-53d5-13d6-8052-8f17144fbbc1,412392,0,1,2,0,3,0,4,1,1,0,0.3001064658,0.04024963991
b,"True or False: In a typical house, there are no rooms that have been designed for a particular purpose.",89ac9180-53d9-13d6-8052-8f17144fbbc1,412818,0,1,0,1,3,0,4,2,1,1,0.9619495273,0.02684738894
b,True or False: Sue couldn't afford the free gift because it was too expensive.,48c216e0-523f-13d6-8052-8f17144fbbc1,411533,0,1,0,0,1,3,2,1,1,0,0.01762729697,0.01646626953
b,"True or False: When changing a tire, the tire is removed after the automobile is raised with a jack.",e2689dae-4a75-13d6-80fb-b947c0cf9f4c,410991,3,1,4,1,3,0,1,0,0,0,0.7317706347,0.112451228
b,True or False: Winter coats are for summer.,00802440-536a-13d6-8052-8f17144fbbc1,412081,2,0,0,0,3,0,4,2,1,1,0.6909281015,0.04806606947
b,True or False: No utensil is a spoon.,9e38ce20-5244-13d6-8052-8f17144fbbc1,411670,0,0,0,0,3,1,3,4,1,1,0.8757892251,2.78E-05
b,True or False: Blind people cannot drive.,a911088e-4a57-13d6-80fb-b947c0cf9f4c,410938,0,0,1,0,2,0,3,2,0,0,0.8102008104,0.07829996411
b,True or False: Kitchen tools are intended to be used in preparing food or drinks.,f3d572ee-4a82-13d6-80fb-b947c0cf9f4c,411038,0,0,3,0,3,0,3,1,0,1,0.3116521537,0.1041036249
b,True or False: You don't expect ice rinks to be slippery.,a1dd2ca0-58a8-13d6-8052-8f17144fbbc1,415231,0,1,0,0,4,0,3,1,1,1,0.6977156401,0.111570573
b,True or False: Every popsicle is frozen food.,49b3a28e-4a5c-13d6-80fb-b947c0cf9f4c,410954,0,1,0,0,3,1,4,3,0,1,0.328591615,0.01212400951
b,"True or False: If A creates B, then A must exist before B.",6b0b4e80-5067-13d6-8052-8f17144fbbc1,411176,4,2,5,0,0,0,0,0,0,0,0.5043097734,0.001407290838
b,True or False: Styrofoam peanuts are too light to be used as packaging material.,1bf0e1d8-5d03-13d6-80dc-9b4eb6100834,416840,0,0,0,0,4,1,4,2,1,1,0.5340565443,0.0184470453
b,True or False: Animal skin is frequently completely transparent.,057a0eb8-5be4-13d6-80dc-9b4eb6100834,416354,1,1,0,0,4,1,3,1,1,1,0.5333650112,0.00957779823
b,True or False: At fast food restaurants you typically order at a counter or a drive-through.,e2d459c0-53a5-13d6-8052-8f17144fbbc1,412219,2,1,4,0,2,0,1,0,0,0,0.9702549577,0.07823404087
b,True or False: No spicy thing is bland.,72bedc6e-4892-13d6-80fb-b947c0cf9f4c,410594,0,0,0,0,1,1,4,4,0,0,0.980730176,0.001734531029
b,True or False: Being complimented is pleasant.,f83b2c0e-48d7-13d6-80fb-b947c0cf9f4c,410840,0,0,3,0,0,0,3,1,0,0,0.9568114281,0.0005214982768
b,True or False: People who characteristically do something are more likely to do that sort of thing than other people.,010e8dc0-509a-13d6-8052-8f17144fbbc1,411220,0,3,3,0,0,0,2,3,0,0,0.9185612202,0.009894819171
b,True or False: You light a candle by lighting the wax.,9ee74760-53d5-13d6-8052-8f17144fbbc1,412311,0,0,4,0,3,0,3,0,1,0,0.1460672468,0.1104063817
b,True or False: 180 seconds is greater than 3 weeks.,387f3ac0-5437-13d6-8052-8f17144fbbc1,413551,4,0,0,0,0,5,1,1,1,0,0.3585349023,0.009072110055
b,True or False: Chickens are birds that often perch in trees.,a6a271c0-55c7-13d6-8052-8f17144fbbc1,414787,1,1,1,1,3,0,4,4,1,1,0.5084993243,0.01918033183
b,True or False: A pocket watch is roughly the size of a golf ball.,f221e32e-4898-13d6-80fb-b947c0cf9f4c,410632,0,0,0,4,4,1,3,1,0,0,0.8032389283,0.07768241691
b,True or False: Chewing gum is something humans can do.,3ff3ccce-4a52-13d6-80fb-b947c0cf9f4c,410922,0,0,2,0,1,0,4,1,0,0,0.8066535592,0.1020645159
b,"True or False: If you are capable of performing an activity, you have the skills required for performing that activity.",30f161e0-5098-13d6-8052-8f17144fbbc1,411204,0,0,2,0,0,0,2,2,0,0,0.9997351766,0.08291888291
b,True or False: You expect to find a toilet in a kitchen.,8202e600-53d9-13d6-8052-8f17144fbbc1,412787,0,0,0,2,2,0,4,2,1,1,0.8309603333,0.06689926072
b,True or False: Carpenters can hammer a nail.,92a384ae-48be-13d6-80fb-b947c0cf9f4c,410791,0,0,2,0,3,0,4,1,0,1,0.4200777411,0.02814179904
b,True or False: Persons with advanced educations can write.,4a357bc0-5078-13d6-8052-8f17144fbbc1,411193,0,1,0,0,1,0,3,2,0,1,0.2400695086,0.003467769933
b,True or False: You're likely to find a spider web across the door of a busy business.,04da6420-540e-13d6-8052-8f17144fbbc1,413241,0,2,1,2,3,0,4,0,1,1,0.8040521145,0.09165675091
b,True or False: Walking can only be done by things that can move their legs.,7de8ace0-5518-13d6-8052-8f17144fbbc1,413954,0,1,1,0,4,0,4,2,0,0,0.6817461848,0.05039838941
b,True or False: Walking on two legs is a type of swimming.,c6d6e6ee-4a6c-13d6-80fb-b947c0cf9f4c,410978,0,0,0,0,2,0,4,3,1,1,0.6898121238,0.1344046653
b,True or False: There is no food that is liked by everyone.,776233ae-48bc-13d6-80fb-b947c0cf9f4c,410774,0,0,0,0,2,1,2,3,0,0,0.9310705066,0.01403613919
b,True or False: Drinking vessels can contain liquid.,ef47d9ce-48e8-13d6-80fb-b947c0cf9f4c,410858,0,0,0,3,4,0,4,1,0,0,0.850384295,0.007123816402
b,"True or False: If part of a written work contains some information, then the work itself contains that information.",48432f4e-48bf-13d6-80fb-b947c0cf9f4c,410803,0,0,0,2,1,0,1,5,0,0,0.646086216,0.1538315597
b,True or False: You can ship a book in a box that is smaller than the book is.,8e24c020-556e-13d6-8052-8f17144fbbc1,414300,0,1,2,5,2,0,1,2,1,1,0.8151803613,0.03615098788
b,True or False: Someone applying makeup typically wants to be able to see whatever they are putting makeup on.,9ff730c0-53d5-13d6-8052-8f17144fbbc1,412379,0,2,4,1,2,0,3,1,0,0,0.6531053782,0.1937268461
b,True or False: Actions that are hostile do not express a feeling of good will.,23e823ae-489f-13d6-80fb-b947c0cf9f4c,410665,0,1,2,0,0,0,4,3,0,0,0.9976982474,0.01301772504
b,"True or False: London, England is a city.",c22fd42e-4897-13d6-80fb-b947c0cf9f4c,410622,0,1,0,1,3,0,5,2,0,0,0.8233083487,0.06896971203
b,True or False: You're likely to find silverware in the drawer of a bedroom dresser.,9ed10040-53d5-13d6-8052-8f17144fbbc1,412308,0,0,1,3,3,0,4,3,1,1,0.7256699204,0.06083379266
b,True or False: Touching something that is too hot to touch causes pain.,43d6a6a0-5695-13d6-8052-8f17144fbbc1,415188,0,1,3,0,3,1,2,1,0,0,0.9406017661,0.07694707875
b,True or False: The temperature of liquid water is below freezing.,2a43c258-5d0f-13d6-80dc-9b4eb6100834,416943,0,1,0,0,4,3,2,1,1,1,0.7010261416,0.08520328107
b,True or False: Most TVs work without being plugged in.,2d8b4800-524f-13d6-8052-8f17144fbbc1,411849,0,1,2,0,4,0,3,2,1,0,0.2865948081,0.1645330857
b,True or False: Objects are not usually found in places where they or their parts would melt.,a0da62a0-58a8-13d6-8052-8f17144fbbc1,415225,0,2,1,3,3,0,4,3,0,0,0.9469568729,0.009383543549
b,True or False: A bowling ball could be used as a volley ball in a pinch.,1049a320-540e-13d6-8052-8f17144fbbc1,413353,1,0,0,2,4,0,3,2,1,0,0.318300426,0.002922557637
b,True or False: You can't read a book using a flashlight during a power outage.,29c2f560-524f-13d6-8052-8f17144fbbc1,411826,4,1,4,0,3,0,2,1,1,1,0.5774400234,0.156421896
b,"True or False: To graduate from a kind of school, you must attend that kind of school.",c07ff2ce-4a6f-13d6-80fb-b947c0cf9f4c,410987,1,3,4,0,0,0,2,1,0,0,0.9680887461,0.03447397989
b,True or False: Animals don't live where they can't survive for very long.,3d2b9000-50ae-13d6-8052-8f17144fbbc1,411289,1,3,3,1,1,0,1,1,0,0,0.8755390644,0.03256484747
b,True or False: Very few airplane pilots know what the controls in the cockpit do.,aff514b8-5be0-13d6-80dc-9b4eb6100834,416300,0,1,0,1,1,1,2,1,1,0,0.1591287106,0.1257316957
b,True or False: A professional singer who lost their vocal cords could still do their job.,e05dd3c0-55cf-13d6-8052-8f17144fbbc1,414988,2,0,2,0,2,0,1,2,1,1,0.8297336698,0.1223546635
b,True or False: Things that are toxic to humans are typically not ingredients in human food.,909f414e-489f-13d6-80fb-b947c0cf9f4c,410670,0,0,0,1,3,0,3,3,0,0,0.9602190256,0.03927886556
b,True or False: You can use grape soda to rub a stain out of white clothes.,9f493d80-53d5-13d6-8052-8f17144fbbc1,412338,0,0,0,0,4,0,3,2,1,1,0.6251319051,0.06959601991
b,True or False: Stoves cannot be used to generate heat.,456beca0-5695-13d6-8052-8f17144fbbc1,415197,0,0,0,0,3,0,2,3,1,1,0.6189684272,0.1594095155
b,"True or False: If a body part is necessary for some activity, things that lack that part can't do that activity.",7179b880-5515-13d6-8052-8f17144fbbc1,413948,0,1,1,0,3,0,3,1,0,0,0.9960463643,0.010203504
b,"True or False: Most cotton balls are dense, heavy objects.",0e9bdac0-59ae-13d6-8052-8f17144fbbc1,415320,0,0,0,2,3,1,4,2,1,1,0.8507543206,0.003804388424
b,True or False: When a stove burner is off it is usually too hot to touch.,44d8d460-5695-13d6-8052-8f17144fbbc1,415194,1,3,1,0,4,0,2,0,1,1,0.6075798273,0.04809618646
b,True or False: Sand castles are typically intended to house humans.,79de3638-5bc3-13d6-80dc-9b4eb6100834,416286,0,2,0,2,3,0,3,2,1,1,0.9420301318,0.0506076945
b,"True or False: If a person is wearing a clothing item over the part of the body used to make a facial expression, then others' view of that expression is blocked.",5e9d6680-53d0-13d6-8052-8f17144fbbc1,412256,0,2,0,2,3,0,1,0,0,0,0.953492105,0.08541161965
b,"True or False: To function as a paperweight, an object must be at least somewhat heavy.",0e6895c0-59ae-13d6-8052-8f17144fbbc1,415318,0,1,0,0,3,1,3,3,0,0,0.6609249115,0.08410133373
b,True or False: Aquatic organisms don't have enough legs to ride a bicycle.,d8e28aae-4a6d-13d6-80fb-b947c0cf9f4c,410985,0,0,1,0,2,0,4,3,0,0,0.5181812048,0.01216199925
b,True or False: You can usually eat the materials used to construct buildings intended to shelter humans.,23e14058-5bb0-13d6-80dc-9b4eb6100834,415962,0,1,0,0,4,0,3,3,1,1,0.9489026666,0.09444129667
b,True or False: An observer who is outside an opaque container cannot see something that is completely inside that container.,632a1f8e-48a6-13d6-80fb-b947c0cf9f4c,410698,0,1,0,4,4,0,1,1,0,0,0.9871894717,0.09051758192
b,True or False: Adult animals are typically older than juvenile animals.,0ea151ce-4a01-13d6-80fb-b947c0cf9f4c,410895,2,0,0,0,1,2,3,2,0,0,0.8076609969,0.1916810021
b,"True or False: If animals refuse to eat a kind of substance, they typically refuse to eat objects made of that kind of substance.",45233058-5d29-13d6-80dc-9b4eb6100834,417113,0,0,3,0,2,0,2,2,0,0,0.993332088,0.1979107718
b,True or False: Being served things for free typically makes customers happy.,338058ce-48d4-13d6-80fb-b947c0cf9f4c,410825,0,1,4,0,0,1,2,2,0,1,0.02877126448,0.001928933514
b,True or False: Milk is a type of dairy product.,f20dd420-5058-13d6-8052-8f17144fbbc1,411159,0,0,0,0,2,0,4,3,0,0,0.9694033861,0.1096981532
b,True or False: There are no devices that are designed to keep things cool.,4e471780-55ca-13d6-8052-8f17144fbbc1,414801,0,0,1,0,3,1,3,4,1,1,0.864739418,0.03193100333
b,"True or False: Almost anything which is solid, flat, and lightweight can be used as a tray to carry items smaller than it.",4fc292a0-59a9-13d6-8052-8f17144fbbc1,415309,0,1,1,4,4,0,3,3,0,0,0.7000447512,0.0189397378
b,"True or False: If A can be stored inside B, then A is smaller than B.",f050e340-5097-13d6-8052-8f17144fbbc1,411209,0,0,0,5,1,1,0,1,0,1,0.09909787029,0.005381031962
b,True or False: The sound a flying bee makes is the same as the sound a piano makes.,9e85ed80-53d5-13d6-8052-8f17144fbbc1,412293,0,0,0,0,3,0,4,3,1,0,0.1421957761,0.0001848009835
b,True or False: A dream is not a physical object.,081e7600-50b5-13d6-8052-8f17144fbbc1,411315,0,0,0,0,2,0,4,2,0,0,0.9375911355,0.04758901163
b,True or False: Fish can breathe with gills.,6a0da4ce-48ba-13d6-80fb-b947c0cf9f4c,410763,0,0,2,0,3,0,4,1,0,0,0.7757462859,0.0302409269
b,True or False: It is common to find books in libraries.,942f7378-5cd9-13d6-80dc-9b4eb6100834,416617,0,1,0,3,3,0,3,2,0,0,0.861733377,0.0380494685
b,True or False: Wood is never used in building homes.,2c288300-55d9-13d6-8052-8f17144fbbc1,415090,0,0,0,0,3,1,2,2,1,0,0.3540517092,0.1184827799
b,"True or False: If you throw a very fragile object against something as tough as wood, it will probably be damaged.",5270b2ae-4a84-13d6-80fb-b947c0cf9f4c,411053,0,3,4,1,5,0,1,0,0,0,0.87797153,0.04412573386
b,True or False: The sound of a balloon popping never startles anyone.,764d4b20-5258-13d6-8052-8f17144fbbc1,412019,0,0,3,0,2,0,2,1,1,0,0.1811360866,0.1136755337
b,True or False: Devices for bathing are typically not found outside rooms designed for bathing.,63ceb24e-4a7a-13d6-80fb-b947c0cf9f4c,411010,0,1,0,4,3,0,2,2,0,0,0.5849305987,0.02504113413
b,True or False: Most people like to injure themselves.,2e1ed560-5584-13d6-8052-8f17144fbbc1,414683,0,1,0,0,0,0,1,4,1,1,0.5413036942,0.08594007495
b,True or False: An open container can only hold a liquid if it is right side up.,5297196e-48a2-13d6-80fb-b947c0cf9f4c,410680,0,1,1,4,4,0,1,0,0,1,0.4954718947,0.04191535244
b,True or False: Chocolate milk and regular milk are different colors.,289c9cc0-50ad-13d6-8052-8f17144fbbc1,411278,0,0,0,0,3,0,2,2,0,1,0.4273361564,0.2642014135
b,True or False: Rooms in buildings typically aren't underwater.,43cabc40-50a1-13d6-8052-8f17144fbbc1,411254,0,2,0,2,2,0,0,3,0,0,0.8063000441,0.0110330181
b,True or False: Clothing items usually aren't edible by humans.,ac9cad40-509d-13d6-8052-8f17144fbbc1,411237,0,1,0,0,3,0,3,3,0,0,0.7962532043,0.0172308466