,question,guid,run_id,Time,World states,Events,Space,Physical Entities,Values and quantities,Classes and instances,Sets,,Confidence Rating
a,True or False: Horses live in the sea.,3b666060-50ae-13d6-8052-8f17144fbbc1,411281,0,4,0,0,5,0,4,0,,5
a,True or False: The dead can walk.,7d135b80-5518-13d6-8052-8f17144fbbc1,413952,0,4,0,0,5,0,4,0,,5
a,True or False: You usually can't watch TV during a power outage.,a281abae-4a20-13d6-80fb-b947c0cf9f4c,410907,3,4,3,0,1,0,0,0,,5
a,"True or False: If Joy has a bachelor's degree, then she probably went to college.",c0767cee-4a6f-13d6-80fb-b947c0cf9f4c,410986,4,4,5,0,5,0,0,0,,5
a,True or False: Pilots are more likely than farmers to fly airplanes.,ff83f620-5099-13d6-8052-8f17144fbbc1,411215,0,3,0,0,3,0,4,3,,5
a,True or False: A cutting board can be used as a tray.,4f805980-59a9-13d6-8052-8f17144fbbc1,415306,0,2,0,0,5,0,1,4,,5
a,True or False: A customer would like being served a glass of water with a cockroach in it.,b352598e-48d0-13d6-80fb-b947c0cf9f4c,410805,0,4,4,2,5,0,0,0,,5
a,True or False: Flashlights work without being plugged in.,a31ade6e-4a20-13d6-80fb-b947c0cf9f4c,410909,0,3,0,0,5,0,4,3,,5
a,True or False: A parking garage is larger than an automobile.,ee3f6860-5097-13d6-8052-8f17144fbbc1,411205,0,3,0,5,5,0,4,3,,5
a,True or False: Vocal cords are necessary in order to sing.,a3608c8e-48b8-13d6-80fb-b947c0cf9f4c,410752,0,3,3,0,3,0,4,0,,5
a,True or False: Every spoon is a utensil.,0059f06e-48ec-13d6-80fb-b947c0cf9f4c,410863,0,0,0,0,5,0,5,3,,5
a,True or False: Buildings designed to provide shelter for humans are almost never edible.,3db79aee-5051-13d6-80fb-b947c0cf9f4c,411143,0,3,0,3,5,0,4,3,,5
a,True or False: You can't drown a fish in water.,69bcc5ae-48ba-13d6-80fb-b947c0cf9f4c,410762,0,0,0,3,5,0,2,0,,5
a,True or False: Carpenters find hammers useful for driving objects into other objects.,923113ce-48be-13d6-80fb-b947c0cf9f4c,410789,0,0,0,3,5,0,4,0,,5
a,True or False: The country Argentina can cry.,0cdeed2e-4894-13d6-80fb-b947c0cf9f4c,410600,0,4,2,0,3,0,3,0,,5
a,True or False: Wool scarves are often salad ingredients.,aba18460-509d-13d6-8052-8f17144fbbc1,411232,0,0,0,2,5,0,4,3,,3
a,True or False: Ice rinks are made primarily of ice.,a0be4f20-58a8-13d6-8052-8f17144fbbc1,415223,0,0,0,1,5,0,2,0,,5
a,True or False: Kitchens are typically rooms dedicated to preparing food.,63481d2e-4a7a-13d6-80fb-b947c0cf9f4c,411006,0,3,3,3,3,0,4,3,,5
a,True or False: You could play ice hockey outside in the summer.,a014efc0-58a8-13d6-8052-8f17144fbbc1,415220,5,4,3,0,0,0,0,0,,3
a,True or False: Beer does not contain fizz or bubbles.,52934040-5442-13d6-8052-8f17144fbbc1,413800,0,0,0,2,5,0,3,3,,3
a,True or False: Most people like doing things that cause them discomfort.,2d5da840-5584-13d6-8052-8f17144fbbc1,414676,0,3,3,0,0,0,0,3,,1
a,True or False: You put shoes on before socks.,a4784de0-539a-13d6-8052-8f17144fbbc1,412169,5,0,2,3,2,0,0,0,,1
a,True or False: A cap with no brim provides lots of shade from the bright sun.,9f6243c0-53d5-13d6-8052-8f17144fbbc1,412342,3,3,0,0,5,0,3,3,,1
a,True or False: The front doors of busy businesses open and close frequently.,281b85e0-50ad-13d6-8052-8f17144fbbc1,411275,3,5,5,0,2,0,0,0,,1
a,True or False: The sound of a balloon popping can be loud.,d8d7400e-4a6d-13d6-80fb-b947c0cf9f4c,410984,0,4,4,0,0,0,0,0,,1
a,True or False: You can serve orange juice in a coffee mug.,edde85ce-48e8-13d6-80fb-b947c0cf9f4c,410851,0,0,3,5,5,0,2,4,,5
a,True or False: Coffee mixed with cream is black.,9f8de7a0-53d5-13d6-8052-8f17144fbbc1,412348,0,0,0,2,5,0,0,0,,3
a,True or False: Cuddling is typically an expression of hatred.,ca2b6c0e-489e-13d6-80fb-b947c0cf9f4c,410657,0,0,3,0,0,0,4,0,,5
a,True or False: A puppy is older than an adult dog.,0d86ba0e-4a01-13d6-80fb-b947c0cf9f4c,410890,5,0,0,0,5,0,0,3,,5
a,True or False: People with buzz cuts have very long hair.,9e0aa300-53d5-13d6-8052-8f17144fbbc1,412274,0,0,0,0,5,0,4,4,,5
a,"True or False: If a chicken lays an egg, then the chicken existed before the egg.",6ae21ba0-5067-13d6-8052-8f17144fbbc1,411175,5,0,5,0,5,0,0,0,,1
a,"True or False: Generally, winter coats are warm clothing.",1d2bc260-5366-13d6-8052-8f17144fbbc1,412076,3,3,0,0,5,0,4,4,,5
a,True or False: A fish can ride a bicycle.,d89e2eae-4a6d-13d6-80fb-b947c0cf9f4c,410983,0,0,0,0,5,0,0,3,,3
a,True or False: Snakes can juggle.,6ef53080-5515-13d6-8052-8f17144fbbc1,413943,0,0,0,0,5,0,0,3,,3
a,"True or False: If you throw a wine glass against a wooden floor, it will probably shatter.",4e86320e-4a84-13d6-80fb-b947c0cf9f4c,411046,0,3,3,0,5,0,4,3,,1
a,True or False: Absolutely everyone likes blueberries.,76ec194e-48bc-13d6-80fb-b947c0cf9f4c,410770,0,0,0,0,0,3,0,5,,5
a,True or False: Ice water is colder than ice.,293deb18-5d0f-13d6-80dc-9b4eb6100834,416942,0,3,0,0,5,0,4,4,,3
a,True or False: Stabbing someone typically expresses love.,237b7f2e-489f-13d6-80fb-b947c0cf9f4c,410661,0,0,3,0,0,0,3,0,,1
a,"True or False: If a cup contains hot coffee, then the cup is presumably right side up.",518952ee-48a2-13d6-80fb-b947c0cf9f4c,410671,0,3,3,5,5,0,0,0,,1
a,True or False: An adult can walk and chew gum at the same time.,3fa9564e-4a52-13d6-80fb-b947c0cf9f4c,410921,5,3,3,2,0,0,4,0,,3
a,True or False: People like being complimented.,f798354e-48d7-13d6-80fb-b947c0cf9f4c,410835,0,0,3,0,0,0,4,4,,5
a,True or False: You can stab someone with a wet noodle.,9dddf320-50b3-13d6-8052-8f17144fbbc1,411304,0,0,4,0,3,0,0,4,,3
a,True or False: Stoves are meant to be used in cooking food.,42f658c0-5695-13d6-8052-8f17144fbbc1,415183,0,0,3,0,5,0,4,0,,5
a,True or False: A wax candle would work even if it had no wick.,9ebc3fc0-53d5-13d6-8052-8f17144fbbc1,412301,0,3,0,0,5,0,3,0,,3
a,"True or False: If something is a free gift, you don't have to pay for it.",3375aa6e-48d4-13d6-80fb-b947c0cf9f4c,410824,0,0,3,0,0,3,3,3,,1
a,True or False: You can use a cotton ball as a paperweight.,0b3ea600-59ae-13d6-8052-8f17144fbbc1,415315,0,0,0,0,5,0,2,4,,1
a,True or False: Women typically put on makeup without a mirror.,9fd94880-53d5-13d6-8052-8f17144fbbc1,412370,0,3,3,0,0,0,0,4,,1
a,True or False: Refrigerators are used to keep things cool.,809cd90e-48b4-13d6-80fb-b947c0cf9f4c,410724,0,0,0,0,5,0,3,3,,3
a,True or False: A moth ball can be used as a volley ball in a pinch.,28becac0-50ad-13d6-8052-8f17144fbbc1,411279,0,0,0,4,5,0,4,4,,3
a,True or False: You can see someone's smile even when they are wearing a surgical mask.,59b4fde0-53d0-13d6-8052-8f17144fbbc1,412246,3,0,3,0,3,0,0,0,,1
a,True or False: A customer would like being offered free dessert.,326524ce-48d4-13d6-80fb-b947c0cf9f4c,410820,0,0,3,0,0,0,3,4,,3
a,"True or False: Every cotton ball is a lightweight, relatively small object.",0b7d83c0-59ae-13d6-8052-8f17144fbbc1,415316,0,0,0,4,5,0,4,0,,5
a,True or False: You typically can't see what's inside of a sealed can.,62b4a16e-48a6-13d6-80fb-b947c0cf9f4c,410694,0,3,0,5,5,0,4,0,,5
a,True or False: A few weeks is greater than a few minutes.,3bf61d40-50ae-13d6-8052-8f17144fbbc1,411285,5,0,0,0,0,4,4,4,,5
a,True or False: Grandfather clocks are bigger than pocket watches.,f0efcbce-4898-13d6-80fb-b947c0cf9f4c,410626,0,0,0,5,5,0,2,4,,5
a,"True or False: When dining at a fast-food restaurant, you are usually seated before ordering food.",e0a0ff00-53a5-13d6-8052-8f17144fbbc1,412216,3,0,4,0,0,0,3,3,,3
a,"True or False: If you spill grape soda on white clothes, it usually won't stain them.",9f29cea0-53d5-13d6-8052-8f17144fbbc1,412331,0,3,3,0,3,0,3,3,,1
a,"True or False: When Duke changed the tire on his car, he lifted the car with the jack after removing the old tire.",e1d4e92e-4a75-13d6-80fb-b947c0cf9f4c,410988,4,0,4,0,2,0,0,0,,3
a,True or False: Dolphins sleep in bedrooms.,42d2a0a0-50a1-13d6-8052-8f17144fbbc1,411247,2,2,3,5,2,0,0,3,,5
a,"True or False: Generally, people with athletic physiques are not overweight.",57e50e38-5b89-13d6-80dc-9b4eb6100834,415517,0,4,0,0,0,0,4,4,,1
a,True or False: Sand castles are almost always bigger than people .,79bfb1b8-5bc3-13d6-80dc-9b4eb6100834,416285,0,3,0,5,5,0,4,3,,3
a,True or False: Being sick is usually unpleasant for people.,e260122e-4a75-13d6-80fb-b947c0cf9f4c,410990,0,3,5,0,0,0,0,3,,3
a,"True or False: If Joy is on the first floor, and Rob is on the second floor, then Joy is above Rob.",74fac4a0-56a4-13d6-8052-8f17144fbbc1,415217,0,0,0,5,0,0,0,0,,1
a,True or False: Bedroom dressers are typically used to store clothes.,e23c5d8e-4a75-13d6-80fb-b947c0cf9f4c,410989,0,3,0,5,5,0,4,4,,3
a,True or False: A human would not mind touching a burner while the stove is on.,42b02800-5695-13d6-8052-8f17144fbbc1,415181,4,0,5,0,2,0,3,0,,3
a,True or False: Styrofoam peanuts are often used to protect fragile objects during transport.,1ba84018-5d03-13d6-80dc-9b4eb6100834,416837,0,3,0,0,5,0,4,0,,3
a,True or False: Objects usually cannot fit inside anything that is smaller than they are.,c2c5f9ae-4897-13d6-80fb-b947c0cf9f4c,410625,0,3,0,5,3,0,0,4,,3
a,"True or False: When you encounter a bird, you expect to be able to see its heart.",0373de78-5be4-13d6-80dc-9b4eb6100834,416339,4,4,4,0,3,0,0,0,,1
a,True or False: Pet food is not intended for human consumption.,b6c5e1ce-4896-13d6-80fb-b947c0cf9f4c,410618,0,0,0,0,3,0,4,2,,3
a,True or False: Viruses can't sing.,a91c050e-4a57-13d6-80fb-b947c0cf9f4c,410939,0,0,0,0,0,0,5,0,,5
a,True or False: Gloves are typically worn on feet.,a0330140-53d5-13d6-8052-8f17144fbbc1,412389,0,4,0,3,4,0,4,4,,5
a,"True or False: Animal fur, feathers, and skin are usually not see through.",03b3a698-5be4-13d6-80dc-9b4eb6100834,416341,0,3,0,0,2,0,5,4,,3
a,"True or False: If someone is allergic to dairy, they shouldn't drink milk.",f0da3620-5058-13d6-8052-8f17144fbbc1,411154,0,0,3,0,0,0,3,4,,3
a,True or False: The same region cannot have both a dry climate and a rainy climate at the same time.,98da8ee0-59bb-13d6-8052-8f17144fbbc1,415463,4,5,0,4,0,0,0,4,,5
a,"True or False: If someone is capable of playing ice hockey, are they capable of ice skating.",30150ba0-5098-13d6-8052-8f17144fbbc1,411200,0,0,3,0,0,0,3,5,,3
a,True or False: You are more likely to find a book in a library than in a tree.,932de1f8-5cd9-13d6-80dc-9b4eb6100834,416611,0,0,0,5,4,0,0,4,,1
a,True or False: A stove burner that is on is usually too hot to touch.,43b95aa0-5695-13d6-8052-8f17144fbbc1,415185,0,0,3,0,2,0,3,4,,1
a,True or False: Chickens are typically found on the ground rather than in the air.,1ba92d4e-48b0-13d6-80fb-b947c0cf9f4c,410714,0,3,0,5,2,0,4,4,,3
a,True or False: Airplane pilots frequently fly planes.,01020aa0-509a-13d6-8052-8f17144fbbc1,411219,4,0,4,0,0,0,4,4,,5
a,True or False: Cyanide is an ingredient in ice cream.,9043b3ce-489f-13d6-80fb-b947c0cf9f4c,410666,0,0,0,3,4,0,3,0,,5
a,True or False: Animals breathe without thinking about it.,93200aae-489d-13d6-80fb-b947c0cf9f4c,410656,0,0,3,0,3,0,0,0,,3
a,True or False: Surgeons can write.,4929d820-5078-13d6-8052-8f17144fbbc1,411190,0,0,0,0,3,0,4,0,,5
a,True or False: To become a doctor you have to received an advanced education.,49c1d260-5078-13d6-8052-8f17144fbbc1,411191,0,3,4,0,0,0,4,0,,5
a,True or False: Newspapers contain news.,4543aaee-48bf-13d6-80fb-b947c0cf9f4c,410799,0,0,0,4,5,0,4,0,,5
a,True or False: The Atlantic ocean is wet.,10e704ee-48b5-13d6-80fb-b947c0cf9f4c,410727,0,3,0,4,4,0,4,0,,5
a,True or False: Most kitchens are not bathrooms.,63c3b5ce-4a7a-13d6-80fb-b947c0cf9f4c,411009,0,3,0,3,2,3,4,4,,5
a,True or False: People often eat ceramic plates.,456b83f8-5d29-13d6-80dc-9b4eb6100834,417116,3,3,0,0,2,0,0,3,,3
a,True or False: You are likely to find a bathtub in a kitchen.,6226808e-4a7a-13d6-80fb-b947c0cf9f4c,411001,0,2,0,5,3,0,4,4,,5
a,True or False: Someone born without eyes could still drive a car.,a8cc104e-4a57-13d6-80fb-b947c0cf9f4c,410937,0,0,3,0,0,0,4,4,,1
a,True or False: Hot sauce is bland.,72aab82e-4892-13d6-80fb-b947c0cf9f4c,410593,0,0,0,0,3,0,4,0,,5
a,True or False: Glass window panes are usually transparent.,6ddf74ae-48b7-13d6-80fb-b947c0cf9f4c,410741,0,3,0,0,3,0,4,4,,5
a,True or False: Wood is often used in building structures.,ca51cf0e-48ba-13d6-80fb-b947c0cf9f4c,410766,3,3,0,4,4,0,4,4,,5
a,True or False: You can put a dream in your pocket.,06d2bc20-50b5-13d6-8052-8f17144fbbc1,411313,0,0,0,5,3,0,3,0,,5
a,True or False: Pianos make a buzzing sound.,9e4dc680-53d5-13d6-8052-8f17144fbbc1,412289,0,0,0,0,4,0,4,0,,5
a,True or False: An adult can walk and swim at the same time.,c6686dae-4a6c-13d6-80fb-b947c0cf9f4c,410977,5,3,3,0,0,0,4,0,,3
a,True or False: A popsicle can catch a cold.,48cd3a2e-4a5c-13d6-80fb-b947c0cf9f4c,410950,0,0,3,0,3,0,4,0,,3
a,True or False: Chocolate milk is white.,0fe6c2a0-540e-13d6-8052-8f17144fbbc1,413347,0,0,0,0,4,0,4,0,,5
a,True or False: You are likely to find a frying pan in a bathroom.,f299e5ae-4a82-13d6-80fb-b947c0cf9f4c,411033,0,3,0,5,3,0,3,0,,5
a,True or False: Barack Obama was president of the United States in the year 1220.,5ffdc58e-504b-13d6-80fb-b947c0cf9f4c,411133,5,5,5,0,0,0,3,0,,3
a,"True or False: London, England is located inside a suitcase.",c1007bee-4897-13d6-80fb-b947c0cf9f4c,410619,0,0,0,5,0,0,0,0,,5
b,"True or False: If you have a buzz cut, you can put your hair in a pony tail to keep it out of your eyes.",9e23f760-53d5-13d6-8052-8f17144fbbc1,412277,0,3,3,0,3,0,0,4,,1
b,"True or False: In most buildings, the second floor is below the first floor.",f6e223e0-550b-13d6-8052-8f17144fbbc1,413924,0,3,0,5,2,0,3,0,,1
b,True or False: Cat food is probably on the menu at most restaurants.,2afad8e0-555f-13d6-8052-8f17144fbbc1,414287,0,3,0,2,2,3,4,4,,3
b,True or False: Most things without eyes don't cry.,0da28b4e-4894-13d6-80fb-b947c0cf9f4c,410604,0,3,0,0,2,3,4,4,,5
b,"True or False: If you want an athletic physique, you should probably try to significantly increase the amount of fat on your body.",592be618-5b89-13d6-80dc-9b4eb6100834,415526,0,3,0,3,3,3,4,0,,1
b,True or False: A cowboy hat won't shade your face from the sun.,9f77eea0-53d5-13d6-8052-8f17144fbbc1,412345,0,0,0,0,4,0,4,0,,3
b,True or False: Viruses have mouths.,77944b80-5444-13d6-8052-8f17144fbbc1,413827,0,0,0,0,2,0,5,0,,5
b,True or False: Those not yet born cannot be senior executives.,6252b20e-504b-13d6-80fb-b947c0cf9f4c,411138,3,4,3,0,0,0,4,0,,1
b,"True or False: If clothing item A is worn over clothing item B, then you do not put on A before putting on B.",a4bd4620-539a-13d6-8052-8f17144fbbc1,412171,4,0,3,5,3,0,3,0,,3
b,True or False: Cooked noodles are not rigid.,9fd88aa0-50b3-13d6-8052-8f17144fbbc1,411312,0,0,0,0,4,0,4,0,,5
b,True or False: The Atlantic Ocean is a body of water.,116387ee-48b5-13d6-80fb-b947c0cf9f4c,410729,0,0,0,3,3,0,5,0,,5
b,True or False: Most doctors haven't gone to college.,1e196478-5bc1-13d6-80dc-9b4eb6100834,416272,3,3,3,0,0,3,4,4,,3
b,True or False: You have to decide to take a breath before you can do it.,6c658de0-5576-13d6-8052-8f17144fbbc1,414612,4,0,4,0,0,0,3,0,,1
b,True or False: Mixing cream in coffee doesn't change its color.,9fa56740-53d5-13d6-8052-8f17144fbbc1,412363,0,0,0,3,3,0,0,3,,1
b,"True or False: If you are drinking beer, you are drinking something carbonated.",e75e848e-4a59-13d6-80fb-b947c0cf9f4c,410947,0,0,3,0,3,0,5,0,,3
b,True or False: Internal parts of opaque objects are not visible from the outside.,03e4c8b8-5be4-13d6-80dc-9b4eb6100834,416343,0,0,0,4,4,0,4,0,,1
b,"True or False: Phoenix, AZ currently has both a dry climate and a rainy climate.",99bb2ae0-59bb-13d6-8052-8f17144fbbc1,415470,0,5,0,3,0,0,4,4,,5
b,True or False: Most people are excited to learn they caught the flu on vacation.,9f009bc0-53d5-13d6-8052-8f17144fbbc1,412324,4,3,3,0,0,3,3,3,,1
b,"True or False: To see what is on the other side of a glass window, you usually have to open it.",993fdf80-55cd-13d6-8052-8f17144fbbc1,414904,0,3,3,4,4,0,4,0,,1
b,True or False: A feeling of love is the opposite of a feeling of hate.,ca69fbae-489e-13d6-80fb-b947c0cf9f4c,410659,0,0,0,0,0,0,3,5,,3
b,True or False: People don't like things they find disgusting.,b35b332e-48d0-13d6-80fb-b947c0cf9f4c,410806,0,0,0,0,0,0,5,0,,1
b,True or False: Wearing gloves will help keep your feet from getting cold.,a04a80e0-53d5-13d6-8052-8f17144fbbc1,412392,0,0,3,0,3,0,4,4,,1
b,"True or False: In a typical house, there are no rooms that have been designed for a particular purpose.",89ac9180-53d9-13d6-8052-8f17144fbbc1,412818,0,4,0,5,3,0,4,3,,1
b,True or False: Sue couldn't afford the free gift because it was too expensive.,48c216e0-523f-13d6-8052-8f17144fbbc1,411533,0,0,0,0,2,5,4,3,,1
b,"True or False: When changing a tire, the tire is removed after the automobile is raised with a jack.",e2689dae-4a75-13d6-80fb-b947c0cf9f4c,410991,5,0,3,0,3,0,3,0,,1
b,True or False: Winter coats are for summer.,00802440-536a-13d6-8052-8f17144fbbc1,412081,5,0,0,0,5,0,4,0,,5
b,True or False: No utensil is a spoon.,9e38ce20-5244-13d6-8052-8f17144fbbc1,411670,0,0,0,0,5,4,4,0,,5
b,True or False: Blind people cannot drive.,a911088e-4a57-13d6-80fb-b947c0cf9f4c,410938,0,0,2,0,2,0,4,0,,5
b,True or False: Kitchen tools are intended to be used in preparing food or drinks.,f3d572ee-4a82-13d6-80fb-b947c0cf9f4c,411038,0,0,4,0,4,0,4,0,,3
b,True or False: You don't expect ice rinks to be slippery.,a1dd2ca0-58a8-13d6-8052-8f17144fbbc1,415231,0,4,0,0,4,0,4,0,,3
b,True or False: Every popsicle is frozen food.,49b3a28e-4a5c-13d6-80fb-b947c0cf9f4c,410954,0,3,0,0,4,4,4,0,,5
b,"True or False: If A creates B, then A must exist before B.",6b0b4e80-5067-13d6-8052-8f17144fbbc1,411176,5,0,3,0,0,0,4,4,,1
b,True or False: Styrofoam peanuts are too light to be used as packaging material.,1bf0e1d8-5d03-13d6-80dc-9b4eb6100834,416840,0,0,0,0,5,0,4,4,,3
b,True or False: Animal skin is frequently completely transparent.,057a0eb8-5be4-13d6-80dc-9b4eb6100834,416354,3,3,0,0,4,0,4,4,,5
b,True or False: At fast food restaurants you typically order at a counter or a drive-through.,e2d459c0-53a5-13d6-8052-8f17144fbbc1,412219,0,3,3,0,0,0,4,4,,1
b,True or False: No spicy thing is bland.,72bedc6e-4892-13d6-80fb-b947c0cf9f4c,410594,0,0,0,0,2,5,4,4,,5
b,True or False: Being complimented is pleasant.,f83b2c0e-48d7-13d6-80fb-b947c0cf9f4c,410840,0,0,3,0,0,0,4,0,,5
b,True or False: People who characteristically do something are more likely to do that sort of thing than other people.,010e8dc0-509a-13d6-8052-8f17144fbbc1,411220,0,4,4,0,0,0,5,5,,1
b,True or False: You light a candle by lighting the wax.,9ee74760-53d5-13d6-8052-8f17144fbbc1,412311,0,0,2,0,5,0,4,0,,1
b,True or False: 180 seconds is greater than 3 weeks.,387f3ac0-5437-13d6-8052-8f17144fbbc1,413551,5,2,0,0,0,5,4,4,,3
b,True or False: Chickens are birds that often perch in trees.,a6a271c0-55c7-13d6-8052-8f17144fbbc1,414787,0,3,0,3,3,0,4,3,,5
b,True or False: A pocket watch is roughly the size of a golf ball.,f221e32e-4898-13d6-80fb-b947c0cf9f4c,410632,0,0,0,5,5,0,4,0,,5
b,True or False: Chewing gum is something humans can do.,3ff3ccce-4a52-13d6-80fb-b947c0cf9f4c,410922,0,0,0,0,3,0,4,0,,3
b,"True or False: If you are capable of performing an activity, you have the skills required for performing that activity.",30f161e0-5098-13d6-8052-8f17144fbbc1,411204,0,0,3,0,0,0,4,4,,1
b,True or False: You expect to find a toilet in a kitchen.,8202e600-53d9-13d6-8052-8f17144fbbc1,412787,0,0,0,5,3,0,4,0,,5
b,True or False: Carpenters can hammer a nail.,92a384ae-48be-13d6-80fb-b947c0cf9f4c,410791,0,0,0,0,5,0,4,0,,5
b,True or False: Persons with advanced educations can write.,4a357bc0-5078-13d6-8052-8f17144fbbc1,411193,0,3,0,0,0,0,4,0,,5
b,True or False: You're likely to find a spider web across the door of a busy business.,04da6420-540e-13d6-8052-8f17144fbbc1,413241,2,3,0,3,0,0,4,0,,1
b,True or False: Walking can only be done by things that can move their legs.,7de8ace0-5518-13d6-8052-8f17144fbbc1,413954,0,3,0,0,3,0,5,3,,5
b,True or False: Walking on two legs is a type of swimming.,c6d6e6ee-4a6c-13d6-80fb-b947c0cf9f4c,410978,0,0,0,0,0,0,4,4,,3
b,True or False: There is no food that is liked by everyone.,776233ae-48bc-13d6-80fb-b947c0cf9f4c,410774,0,0,0,0,2,4,4,0,,5
b,True or False: Drinking vessels can contain liquid.,ef47d9ce-48e8-13d6-80fb-b947c0cf9f4c,410858,0,0,0,5,5,0,5,0,,5
b,"True or False: If part of a written work contains some information, then the work itself contains that information.",48432f4e-48bf-13d6-80fb-b947c0cf9f4c,410803,0,0,0,3,0,0,0,4,,3
b,True or False: You can ship a book in a box that is smaller than the book is.,8e24c020-556e-13d6-8052-8f17144fbbc1,414300,0,0,0,5,3,0,0,4,,3
b,True or False: Someone applying makeup typically wants to be able to see whatever they are putting makeup on.,9ff730c0-53d5-13d6-8052-8f17144fbbc1,412379,0,0,0,2,2,0,4,4,,1
b,True or False: Actions that are hostile do not express a feeling of good will.,23e823ae-489f-13d6-80fb-b947c0cf9f4c,410665,0,3,3,0,0,0,4,0,,3
b,"True or False: London, England is a city.",c22fd42e-4897-13d6-80fb-b947c0cf9f4c,410622,0,0,0,4,3,0,5,0,,5
b,True or False: You're likely to find silverware in the drawer of a bedroom dresser.,9ed10040-53d5-13d6-8052-8f17144fbbc1,412308,0,0,0,5,4,0,4,0,,5
b,True or False: Touching something that is too hot to touch causes pain.,43d6a6a0-5695-13d6-8052-8f17144fbbc1,415188,0,0,3,0,0,0,0,4,,3
b,True or False: The temperature of liquid water is below freezing.,2a43c258-5d0f-13d6-80dc-9b4eb6100834,416943,0,4,0,0,5,4,4,4,,5
b,True or False: Most TVs work without being plugged in.,2d8b4800-524f-13d6-8052-8f17144fbbc1,411849,0,3,3,0,3,2,4,4,,3
b,True or False: Objects are not usually found in places where they or their parts would melt.,a0da62a0-58a8-13d6-8052-8f17144fbbc1,415225,0,3,0,3,3,0,3,0,,1
b,True or False: A bowling ball could be used as a volley ball in a pinch.,1049a320-540e-13d6-8052-8f17144fbbc1,413353,0,0,0,2,5,0,4,4,,1
b,True or False: You can't read a book using a flashlight during a power outage.,29c2f560-524f-13d6-8052-8f17144fbbc1,411826,3,3,3,0,0,0,0,0,,1
b,"True or False: To graduate from a kind of school, you must attend that kind of school.",c07ff2ce-4a6f-13d6-80fb-b947c0cf9f4c,410987,3,3,3,0,0,0,4,0,,1
b,True or False: Animals don't live where they can't survive for very long.,3d2b9000-50ae-13d6-8052-8f17144fbbc1,411289,4,4,0,4,4,0,0,4,,1
b,True or False: Very few airplane pilots know what the controls in the cockpit do.,aff514b8-5be0-13d6-80dc-9b4eb6100834,416300,0,0,0,3,2,3,0,0,,3
b,True or False: A professional singer who lost their vocal cords could still do their job.,e05dd3c0-55cf-13d6-8052-8f17144fbbc1,414988,0,0,3,0,0,0,4,0,,1
b,True or False: Things that are toxic to humans are typically not ingredients in human food.,909f414e-489f-13d6-80fb-b947c0cf9f4c,410670,0,3,0,4,3,0,3,0,,1
b,True or False: You can use grape soda to rub a stain out of white clothes.,9f493d80-53d5-13d6-8052-8f17144fbbc1,412338,0,0,0,2,3,0,0,3,,3
b,True or False: Stoves cannot be used to generate heat.,456beca0-5695-13d6-8052-8f17144fbbc1,415197,0,0,0,0,3,0,0,3,,5
b,"True or False: If a body part is necessary for some activity, things that lack that part can't do that activity.",7179b880-5515-13d6-8052-8f17144fbbc1,413948,0,0,0,0,4,0,3,3,,3
b,"True or False: Most cotton balls are dense, heavy objects.",0e9bdac0-59ae-13d6-8052-8f17144fbbc1,415320,0,0,0,4,5,3,4,0,,5
b,True or False: When a stove burner is off it is usually too hot to touch.,44d8d460-5695-13d6-8052-8f17144fbbc1,415194,3,3,3,0,3,0,3,0,,5
b,True or False: Sand castles are typically intended to house humans.,79de3638-5bc3-13d6-80dc-9b4eb6100834,416286,0,3,0,4,4,0,0,4,,5
b,"True or False: If a person is wearing a clothing item over the part of the body used to make a facial expression, then others' view of that expression is blocked.",5e9d6680-53d0-13d6-8052-8f17144fbbc1,412256,0,2,2,2,2,0,0,0,,1
b,"True or False: To function as a paperweight, an object must be at least somewhat heavy.",0e6895c0-59ae-13d6-8052-8f17144fbbc1,415318,0,0,0,0,5,0,4,4,,3
b,True or False: Aquatic organisms don't have enough legs to ride a bicycle.,d8e28aae-4a6d-13d6-80fb-b947c0cf9f4c,410985,0,0,0,0,4,0,4,4,,3
b,True or False: You can usually eat the materials used to construct buildings intended to shelter humans.,23e14058-5bb0-13d6-80dc-9b4eb6100834,415962,0,3,0,0,4,0,0,5,,3
b,True or False: An observer who is outside an opaque container cannot see something that is completely inside that container.,632a1f8e-48a6-13d6-80fb-b947c0cf9f4c,410698,0,0,0,5,4,0,4,0,,1
b,True or False: Adult animals are typically older than juvenile animals.,0ea151ce-4a01-13d6-80fb-b947c0cf9f4c,410895,3,3,0,0,3,3,0,4,,3
b,"True or False: If animals refuse to eat a kind of substance, they typically refuse to eat objects made of that kind of substance.",45233058-5d29-13d6-80dc-9b4eb6100834,417113,0,0,0,2,3,0,0,4,,1
b,True or False: Being served things for free typically makes customers happy.,338058ce-48d4-13d6-80fb-b947c0cf9f4c,410825,0,0,3,0,0,5,3,0,,1
b,True or False: Milk is a type of dairy product.,f20dd420-5058-13d6-8052-8f17144fbbc1,411159,0,0,0,0,5,0,5,0,,5
b,True or False: There are no devices that are designed to keep things cool.,4e471780-55ca-13d6-8052-8f17144fbbc1,414801,0,0,0,0,5,4,4,4,,3
b,"True or False: Almost anything which is solid, flat, and lightweight can be used as a tray to carry items smaller than it.",4fc292a0-59a9-13d6-8052-8f17144fbbc1,415309,0,3,3,5,3,3,4,4,,1
b,"True or False: If A can be stored inside B, then A is smaller than B.",f050e340-5097-13d6-8052-8f17144fbbc1,411209,0,0,0,5,3,0,3,4,,1
b,True or False: The sound a flying bee makes is the same as the sound a piano makes.,9e85ed80-53d5-13d6-8052-8f17144fbbc1,412293,0,0,0,0,2,0,4,4,,3
b,True or False: A dream is not a physical object.,081e7600-50b5-13d6-8052-8f17144fbbc1,411315,0,0,0,0,4,0,4,4,,3
b,True or False: Fish can breathe with gills.,6a0da4ce-48ba-13d6-80fb-b947c0cf9f4c,410763,0,0,0,0,5,0,4,0,,5
b,True or False: It is common to find books in libraries.,942f7378-5cd9-13d6-80dc-9b4eb6100834,416617,0,0,0,5,3,0,4,0,,5
b,True or False: Wood is never used in building homes.,2c288300-55d9-13d6-8052-8f17144fbbc1,415090,3,0,0,2,3,4,4,0,,3
b,"True or False: If you throw a very fragile object against something as tough as wood, it will probably be damaged.",5270b2ae-4a84-13d6-80fb-b947c0cf9f4c,411053,0,3,3,0,5,0,4,0,,3
b,True or False: The sound of a balloon popping never startles anyone.,764d4b20-5258-13d6-8052-8f17144fbbc1,412019,3,3,3,0,0,3,0,0,,1
b,True or False: Devices for bathing are typically not found outside rooms designed for bathing.,63ceb24e-4a7a-13d6-80fb-b947c0cf9f4c,411010,0,3,0,3,0,0,4,4,,1
b,True or False: Most people like to injure themselves.,2e1ed560-5584-13d6-8052-8f17144fbbc1,414683,0,0,0,0,0,3,4,0,,1
b,True or False: An open container can only hold a liquid if it is right side up.,5297196e-48a2-13d6-80fb-b947c0cf9f4c,410680,0,0,0,4,4,0,3,4,,1
b,True or False: Chocolate milk and regular milk are different colors.,289c9cc0-50ad-13d6-8052-8f17144fbbc1,411278,0,3,0,0,3,0,0,4,,3
b,True or False: Rooms in buildings typically aren't underwater.,43cabc40-50a1-13d6-8052-8f17144fbbc1,411254,0,3,0,4,0,0,0,4,,3
b,True or False: Clothing items usually aren't edible by humans.,ac9cad40-509d-13d6-8052-8f17144fbbc1,411237,0,3,0,0,3,0,0,3,,